chr	window	cumwindow	coInWindow	libSize
Chr1	1	1	4	96
Chr1	100001	100001	9	96
Chr1	200001	200001	7	96
Chr1	300001	300001	1	96
Chr1	400001	400001	3	96
Chr1	500001	500001	7	96
Chr1	600001	600001	3	96
Chr1	700001	700001	6	96
Chr1	800001	800001	5	96
Chr1	900001	900001	7	96
Chr1	1000001	1000001	0	96
Chr1	1100001	1100001	5	96
Chr1	1200001	1200001	6	96
Chr1	1300001	1300001	0	96
Chr1	1400001	1400001	3	96
Chr1	1500001	1500001	7	96
Chr1	1600001	1600001	2	96
Chr1	1700001	1700001	7	96
Chr1	1800001	1800001	5	96
Chr1	1900001	1900001	5	96
Chr1	2000001	2000001	2	96
Chr1	2100001	2100001	3	96
Chr1	2200001	2200001	2	96
Chr1	2300001	2300001	6	96
Chr1	2400001	2400001	4	96
Chr1	2500001	2500001	1	96
Chr1	2600001	2600001	3	96
Chr1	2700001	2700001	2	96
Chr1	2800001	2800001	5	96
Chr1	2900001	2900001	4	96
Chr1	3000001	3000001	5	96
Chr1	3100001	3100001	3	96
Chr1	3200001	3200001	2	96
Chr1	3300001	3300001	5	96
Chr1	3400001	3400001	3	96
Chr1	3500001	3500001	3	96
Chr1	3600001	3600001	3	96
Chr1	3700001	3700001	0	96
Chr1	3800001	3800001	4	96
Chr1	3900001	3900001	3	96
Chr1	4000001	4000001	1	96
Chr1	4100001	4100001	2	96
Chr1	4200001	4200001	7	96
Chr1	4300001	4300001	6	96
Chr1	4400001	4400001	1	96
Chr1	4500001	4500001	4	96
Chr1	4600001	4600001	3	96
Chr1	4700001	4700001	1	96
Chr1	4800001	4800001	2	96
Chr1	4900001	4900001	6	96
Chr1	5000001	5000001	5	96
Chr1	5100001	5100001	9	96
Chr1	5200001	5200001	2	96
Chr1	5300001	5300001	3	96
Chr1	5400001	5400001	4	96
Chr1	5500001	5500001	2	96
Chr1	5600001	5600001	3	96
Chr1	5700001	5700001	1	96
Chr1	5800001	5800001	4	96
Chr1	5900001	5900001	3	96
Chr1	6000001	6000001	5	96
Chr1	6100001	6100001	0	96
Chr1	6200001	6200001	5	96
Chr1	6300001	6300001	1	96
Chr1	6400001	6400001	2	96
Chr1	6500001	6500001	3	96
Chr1	6600001	6600001	8	96
Chr1	6700001	6700001	0	96
Chr1	6800001	6800001	5	96
Chr1	6900001	6900001	5	96
Chr1	7000001	7000001	4	96
Chr1	7100001	7100001	6	96
Chr1	7200001	7200001	3	96
Chr1	7300001	7300001	6	96
Chr1	7400001	7400001	2	96
Chr1	7500001	7500001	2	96
Chr1	7600001	7600001	5	96
Chr1	7700001	7700001	2	96
Chr1	7800001	7800001	2	96
Chr1	7900001	7900001	2	96
Chr1	8000001	8000001	0	96
Chr1	8100001	8100001	8	96
Chr1	8200001	8200001	2	96
Chr1	8300001	8300001	6	96
Chr1	8400001	8400001	3	96
Chr1	8500001	8500001	3	96
Chr1	8600001	8600001	1	96
Chr1	8700001	8700001	2	96
Chr1	8800001	8800001	1	96
Chr1	8900001	8900001	4	96
Chr1	9000001	9000001	4	96
Chr1	9100001	9100001	2	96
Chr1	9200001	9200001	3	96
Chr1	9300001	9300001	2	96
Chr1	9400001	9400001	7	96
Chr1	9500001	9500001	0	96
Chr1	9600001	9600001	4	96
Chr1	9700001	9700001	5	96
Chr1	9800001	9800001	3	96
Chr1	9900001	9900001	1	96
Chr1	10000001	10000001	2	96
Chr1	10100001	10100001	2	96
Chr1	10200001	10200001	3	96
Chr1	10300001	10300001	2	96
Chr1	10400001	10400001	0	96
Chr1	10500001	10500001	6	96
Chr1	10600001	10600001	2	96
Chr1	10700001	10700001	3	96
Chr1	10800001	10800001	3	96
Chr1	10900001	10900001	2	96
Chr1	11000001	11000001	0	96
Chr1	11100001	11100001	2	96
Chr1	11200001	11200001	1	96
Chr1	11300001	11300001	0	96
Chr1	11400001	11400001	4	96
Chr1	11500001	11500001	0	96
Chr1	11600001	11600001	2	96
Chr1	11700001	11700001	4	96
Chr1	11800001	11800001	0	96
Chr1	11900001	11900001	3	96
Chr1	12000001	12000001	3	96
Chr1	12100001	12100001	0	96
Chr1	12200001	12200001	1	96
Chr1	12300001	12300001	1	96
Chr1	12400001	12400001	3	96
Chr1	12500001	12500001	2	96
Chr1	12600001	12600001	1	96
Chr1	12700001	12700001	1	96
Chr1	12800001	12800001	0	96
Chr1	12900001	12900001	2	96
Chr1	13000001	13000001	4	96
Chr1	13100001	13100001	2	96
Chr1	13200001	13200001	0	96
Chr1	13300001	13300001	0	96
Chr1	13400001	13400001	1	96
Chr1	13500001	13500001	0	96
Chr1	13600001	13600001	0	96
Chr1	13700001	13700001	0	96
Chr1	13800001	13800001	0	96
Chr1	13900001	13900001	0	96
Chr1	14000001	14000001	0	96
Chr1	14100001	14100001	0	96
Chr1	14200001	14200001	0	96
Chr1	14300001	14300001	0	96
Chr1	14400001	14400001	0	96
Chr1	14500001	14500001	0	96
Chr1	14600001	14600001	0	96
Chr1	14700001	14700001	0	96
Chr1	14800001	14800001	0	96
Chr1	14900001	14900001	0	96
Chr1	15000001	15000001	0	96
Chr1	15100001	15100001	0	96
Chr1	15200001	15200001	0	96
Chr1	15300001	15300001	0	96
Chr1	15400001	15400001	0	96
Chr1	15500001	15500001	0	96
Chr1	15600001	15600001	0	96
Chr1	15700001	15700001	0	96
Chr1	15800001	15800001	0	96
Chr1	15900001	15900001	0	96
Chr1	16000001	16000001	0	96
Chr1	16100001	16100001	0	96
Chr1	16200001	16200001	0	96
Chr1	16300001	16300001	0	96
Chr1	16400001	16400001	0	96
Chr1	16500001	16500001	0	96
Chr1	16600001	16600001	0	96
Chr1	16700001	16700001	0	96
Chr1	16800001	16800001	0	96
Chr1	16900001	16900001	0	96
Chr1	17000001	17000001	0	96
Chr1	17100001	17100001	0	96
Chr1	17200001	17200001	0	96
Chr1	17300001	17300001	0	96
Chr1	17400001	17400001	0	96
Chr1	17500001	17500001	0	96
Chr1	17600001	17600001	0	96
Chr1	17700001	17700001	0	96
Chr1	17800001	17800001	0	96
Chr1	17900001	17900001	0	96
Chr1	18000001	18000001	1	96
Chr1	18100001	18100001	1	96
Chr1	18200001	18200001	1	96
Chr1	18300001	18300001	0	96
Chr1	18400001	18400001	0	96
Chr1	18500001	18500001	0	96
Chr1	18600001	18600001	0	96
Chr1	18700001	18700001	1	96
Chr1	18800001	18800001	0	96
Chr1	18900001	18900001	1	96
Chr1	19000001	19000001	0	96
Chr1	19100001	19100001	0	96
Chr1	19200001	19200001	0	96
Chr1	19300001	19300001	4	96
Chr1	19400001	19400001	3	96
Chr1	19500001	19500001	1	96
Chr1	19600001	19600001	0	96
Chr1	19700001	19700001	0	96
Chr1	19800001	19800001	0	96
Chr1	19900001	19900001	3	96
Chr1	20000001	20000001	3	96
Chr1	20100001	20100001	1	96
Chr1	20200001	20200001	1	96
Chr1	20300001	20300001	2	96
Chr1	20400001	20400001	3	96
Chr1	20500001	20500001	7	96
Chr1	20600001	20600001	1	96
Chr1	20700001	20700001	0	96
Chr1	20800001	20800001	1	96
Chr1	20900001	20900001	2	96
Chr1	21000001	21000001	2	96
Chr1	21100001	21100001	6	96
Chr1	21200001	21200001	2	96
Chr1	21300001	21300001	1	96
Chr1	21400001	21400001	1	96
Chr1	21500001	21500001	0	96
Chr1	21600001	21600001	1	96
Chr1	21700001	21700001	3	96
Chr1	21800001	21800001	1	96
Chr1	21900001	21900001	3	96
Chr1	22000001	22000001	6	96
Chr1	22100001	22100001	1	96
Chr1	22200001	22200001	0	96
Chr1	22300001	22300001	5	96
Chr1	22400001	22400001	4	96
Chr1	22500001	22500001	4	96
Chr1	22600001	22600001	0	96
Chr1	22700001	22700001	4	96
Chr1	22800001	22800001	2	96
Chr1	22900001	22900001	5	96
Chr1	23000001	23000001	1	96
Chr1	23100001	23100001	7	96
Chr1	23200001	23200001	3	96
Chr1	23300001	23300001	1	96
Chr1	23400001	23400001	2	96
Chr1	23500001	23500001	1	96
Chr1	23600001	23600001	2	96
Chr1	23700001	23700001	0	96
Chr1	23800001	23800001	1	96
Chr1	23900001	23900001	1	96
Chr1	24000001	24000001	0	96
Chr1	24100001	24100001	2	96
Chr1	24200001	24200001	1	96
Chr1	24300001	24300001	6	96
Chr1	24400001	24400001	4	96
Chr1	24500001	24500001	2	96
Chr1	24600001	24600001	0	96
Chr1	24700001	24700001	0	96
Chr1	24800001	24800001	4	96
Chr1	24900001	24900001	1	96
Chr1	25000001	25000001	1	96
Chr1	25100001	25100001	2	96
Chr1	25200001	25200001	0	96
Chr1	25300001	25300001	0	96
Chr1	25400001	25400001	1	96
Chr1	25500001	25500001	1	96
Chr1	25600001	25600001	4	96
Chr1	25700001	25700001	1	96
Chr1	25800001	25800001	2	96
Chr1	25900001	25900001	2	96
Chr1	26000001	26000001	0	96
Chr1	26100001	26100001	1	96
Chr1	26200001	26200001	4	96
Chr1	26300001	26300001	1	96
Chr1	26400001	26400001	1	96
Chr1	26500001	26500001	1	96
Chr1	26600001	26600001	1	96
Chr1	26700001	26700001	1	96
Chr1	26800001	26800001	1	96
Chr1	26900001	26900001	3	96
Chr1	27000001	27000001	1	96
Chr1	27100001	27100001	2	96
Chr1	27200001	27200001	3	96
Chr1	27300001	27300001	4	96
Chr1	27400001	27400001	6	96
Chr1	27500001	27500001	1	96
Chr1	27600001	27600001	1	96
Chr1	27700001	27700001	3	96
Chr1	27800001	27800001	3	96
Chr1	27900001	27900001	1	96
Chr1	28000001	28000001	2	96
Chr1	28100001	28100001	2	96
Chr1	28200001	28200001	2	96
Chr1	28300001	28300001	1	96
Chr1	28400001	28400001	3	96
Chr1	28500001	28500001	5	96
Chr1	28600001	28600001	5	96
Chr1	28700001	28700001	4	96
Chr1	28800001	28800001	3	96
Chr1	28900001	28900001	1	96
Chr1	29000001	29000001	4	96
Chr1	29100001	29100001	4	96
Chr1	29200001	29200001	2	96
Chr1	29300001	29300001	3	96
Chr1	29400001	29400001	4	96
Chr1	29500001	29500001	6	96
Chr1	29600001	29600001	1	96
Chr1	29700001	29700001	3	96
Chr1	29800001	29800001	3	96
Chr1	29900001	29900001	3	96
Chr1	30000001	30000001	3	96
Chr1	30100001	30100001	5	96
Chr1	30200001	30200001	4	96
Chr1	30300001	30300001	5	96
Chr1	30400001	30400001	2	96
Chr1	30500001	30500001	6	96
Chr1	30600001	30600001	2	96
Chr1	30700001	30700001	6	96
Chr1	30800001	30800001	5	96
Chr1	30900001	30900001	4	96
Chr1	31000001	31000001	5	96
Chr1	31100001	31100001	0	96
Chr1	31200001	31200001	1	96
Chr1	31300001	31300001	2	96
Chr1	31400001	31400001	6	96
Chr1	31500001	31500001	4	96
Chr1	31600001	31600001	3	96
Chr1	31700001	31700001	0	96
Chr1	31800001	31800001	1	96
Chr1	31900001	31900001	5	96
Chr1	32000001	32000001	1	96
Chr1	32100001	32100001	1	96
Chr1	32200001	32200001	2	96
Chr1	32300001	32300001	12	96
Chr1	32400001	32400001	11	96
Chr1	32500001	32500001	11	96
Chr2	1	32540123	0	96
Chr2	100001	32640123	0	96
Chr2	200001	32740123	1	96
Chr2	300001	32840123	3	96
Chr2	400001	32940123	6	96
Chr2	500001	33040123	2	96
Chr2	600001	33140123	1	96
Chr2	700001	33240123	1	96
Chr2	800001	33340123	3	96
Chr2	900001	33440123	4	96
Chr2	1000001	33540123	2	96
Chr2	1100001	33640123	4	96
Chr2	1200001	33740123	6	96
Chr2	1300001	33840123	0	96
Chr2	1400001	33940123	1	96
Chr2	1500001	34040123	1	96
Chr2	1600001	34140123	4	96
Chr2	1700001	34240123	0	96
Chr2	1800001	34340123	2	96
Chr2	1900001	34440123	0	96
Chr2	2000001	34540123	1	96
Chr2	2100001	34640123	5	96
Chr2	2200001	34740123	2	96
Chr2	2300001	34840123	3	96
Chr2	2400001	34940123	1	96
Chr2	2500001	35040123	0	96
Chr2	2600001	35140123	0	96
Chr2	2700001	35240123	0	96
Chr2	2800001	35340123	0	96
Chr2	2900001	35440123	0	96
Chr2	3000001	35540123	0	96
Chr2	3100001	35640123	1	96
Chr2	3200001	35740123	0	96
Chr2	3300001	35840123	0	96
Chr2	3400001	35940123	0	96
Chr2	3500001	36040123	0	96
Chr2	3600001	36140123	0	96
Chr2	3700001	36240123	0	96
Chr2	3800001	36340123	0	96
Chr2	3900001	36440123	0	96
Chr2	4000001	36540123	0	96
Chr2	4100001	36640123	0	96
Chr2	4200001	36740123	0	96
Chr2	4300001	36840123	0	96
Chr2	4400001	36940123	0	96
Chr2	4500001	37040123	0	96
Chr2	4600001	37140123	0	96
Chr2	4700001	37240123	0	96
Chr2	4800001	37340123	0	96
Chr2	4900001	37440123	0	96
Chr2	5000001	37540123	0	96
Chr2	5100001	37640123	0	96
Chr2	5200001	37740123	0	96
Chr2	5300001	37840123	0	96
Chr2	5400001	37940123	0	96
Chr2	5500001	38040123	0	96
Chr2	5600001	38140123	0	96
Chr2	5700001	38240123	0	96
Chr2	5800001	38340123	0	96
Chr2	5900001	38440123	0	96
Chr2	6000001	38540123	0	96
Chr2	6100001	38640123	0	96
Chr2	6200001	38740123	0	96
Chr2	6300001	38840123	0	96
Chr2	6400001	38940123	0	96
Chr2	6500001	39040123	0	96
Chr2	6600001	39140123	0	96
Chr2	6700001	39240123	0	96
Chr2	6800001	39340123	0	96
Chr2	6900001	39440123	0	96
Chr2	7000001	39540123	0	96
Chr2	7100001	39640123	0	96
Chr2	7200001	39740123	0	96
Chr2	7300001	39840123	0	96
Chr2	7400001	39940123	0	96
Chr2	7500001	40040123	1	96
Chr2	7600001	40140123	0	96
Chr2	7700001	40240123	0	96
Chr2	7800001	40340123	1	96
Chr2	7900001	40440123	0	96
Chr2	8000001	40540123	0	96
Chr2	8100001	40640123	3	96
Chr2	8200001	40740123	0	96
Chr2	8300001	40840123	0	96
Chr2	8400001	40940123	4	96
Chr2	8500001	41040123	0	96
Chr2	8600001	41140123	1	96
Chr2	8700001	41240123	0	96
Chr2	8800001	41340123	1	96
Chr2	8900001	41440123	0	96
Chr2	9000001	41540123	0	96
Chr2	9100001	41640123	0	96
Chr2	9200001	41740123	1	96
Chr2	9300001	41840123	3	96
Chr2	9400001	41940123	1	96
Chr2	9500001	42040123	1	96
Chr2	9600001	42140123	0	96
Chr2	9700001	42240123	2	96
Chr2	9800001	42340123	0	96
Chr2	9900001	42440123	1	96
Chr2	10000001	42540123	3	96
Chr2	10100001	42640123	5	96
Chr2	10200001	42740123	5	96
Chr2	10300001	42840123	2	96
Chr2	10400001	42940123	4	96
Chr2	10500001	43040123	1	96
Chr2	10600001	43140123	6	96
Chr2	10700001	43240123	1	96
Chr2	10800001	43340123	2	96
Chr2	10900001	43440123	2	96
Chr2	11000001	43540123	4	96
Chr2	11100001	43640123	2	96
Chr2	11200001	43740123	1	96
Chr2	11300001	43840123	1	96
Chr2	11400001	43940123	2	96
Chr2	11500001	44040123	3	96
Chr2	11600001	44140123	0	96
Chr2	11700001	44240123	5	96
Chr2	11800001	44340123	1	96
Chr2	11900001	44440123	6	96
Chr2	12000001	44540123	5	96
Chr2	12100001	44640123	0	96
Chr2	12200001	44740123	1	96
Chr2	12300001	44840123	0	96
Chr2	12400001	44940123	1	96
Chr2	12500001	45040123	5	96
Chr2	12600001	45140123	2	96
Chr2	12700001	45240123	3	96
Chr2	12800001	45340123	4	96
Chr2	12900001	45440123	3	96
Chr2	13000001	45540123	5	96
Chr2	13100001	45640123	1	96
Chr2	13200001	45740123	0	96
Chr2	13300001	45840123	4	96
Chr2	13400001	45940123	0	96
Chr2	13500001	46040123	4	96
Chr2	13600001	46140123	6	96
Chr2	13700001	46240123	1	96
Chr2	13800001	46340123	5	96
Chr2	13900001	46440123	1	96
Chr2	14000001	46540123	4	96
Chr2	14100001	46640123	4	96
Chr2	14200001	46740123	3	96
Chr2	14300001	46840123	4	96
Chr2	14400001	46940123	3	96
Chr2	14500001	47040123	2	96
Chr2	14600001	47140123	2	96
Chr2	14700001	47240123	4	96
Chr2	14800001	47340123	1	96
Chr2	14900001	47440123	1	96
Chr2	15000001	47540123	1	96
Chr2	15100001	47640123	1	96
Chr2	15200001	47740123	3	96
Chr2	15300001	47840123	1	96
Chr2	15400001	47940123	1	96
Chr2	15500001	48040123	4	96
Chr2	15600001	48140123	4	96
Chr2	15700001	48240123	3	96
Chr2	15800001	48340123	3	96
Chr2	15900001	48440123	1	96
Chr2	16000001	48540123	1	96
Chr2	16100001	48640123	1	96
Chr2	16200001	48740123	1	96
Chr2	16300001	48840123	4	96
Chr2	16400001	48940123	1	96
Chr2	16500001	49040123	3	96
Chr2	16600001	49140123	4	96
Chr2	16700001	49240123	4	96
Chr2	16800001	49340123	1	96
Chr2	16900001	49440123	8	96
Chr2	17000001	49540123	5	96
Chr2	17100001	49640123	2	96
Chr2	17200001	49740123	2	96
Chr2	17300001	49840123	11	96
Chr2	17400001	49940123	0	96
Chr2	17500001	50040123	5	96
Chr2	17600001	50140123	5	96
Chr2	17700001	50240123	5	96
Chr2	17800001	50340123	3	96
Chr2	17900001	50440123	0	96
Chr2	18000001	50540123	1	96
Chr2	18100001	50640123	2	96
Chr2	18200001	50740123	6	96
Chr2	18300001	50840123	1	96
Chr2	18400001	50940123	5	96
Chr2	18500001	51040123	1	96
Chr2	18600001	51140123	2	96
Chr2	18700001	51240123	4	96
Chr2	18800001	51340123	7	96
Chr2	18900001	51440123	1	96
Chr2	19000001	51540123	4	96
Chr2	19100001	51640123	5	96
Chr2	19200001	51740123	4	96
Chr2	19300001	51840123	2	96
Chr2	19400001	51940123	2	96
Chr2	19500001	52040123	2	96
Chr2	19600001	52140123	6	96
Chr2	19700001	52240123	3	96
Chr2	19800001	52340123	5	96
Chr2	19900001	52440123	5	96
Chr2	20000001	52540123	2	96
Chr2	20100001	52640123	2	96
Chr2	20200001	52740123	0	96
Chr2	20300001	52840123	7	96
Chr2	20400001	52940123	4	96
Chr2	20500001	53040123	3	96
Chr2	20600001	53140123	5	96
Chr2	20700001	53240123	4	96
Chr2	20800001	53340123	4	96
Chr2	20900001	53440123	5	96
Chr2	21000001	53540123	3	96
Chr2	21100001	53640123	3	96
Chr2	21200001	53740123	3	96
Chr2	21300001	53840123	3	96
Chr2	21400001	53940123	1	96
Chr2	21500001	54040123	6	96
Chr2	21600001	54140123	4	96
Chr2	21700001	54240123	4	96
Chr2	21800001	54340123	6	96
Chr2	21900001	54440123	8	96
Chr2	22000001	54540123	8	96
Chr2	22100001	54640123	3	96
Chr2	22200001	54740123	3	96
Chr3	1	54757207	7	96
Chr3	100001	54857207	9	96
Chr3	200001	54957207	5	96
Chr3	300001	55057207	4	96
Chr3	400001	55157207	7	96
Chr3	500001	55257207	5	96
Chr3	600001	55357207	7	96
Chr3	700001	55457207	1	96
Chr3	800001	55557207	4	96
Chr3	900001	55657207	9	96
Chr3	1000001	55757207	5	96
Chr3	1100001	55857207	1	96
Chr3	1200001	55957207	3	96
Chr3	1300001	56057207	3	96
Chr3	1400001	56157207	3	96
Chr3	1500001	56257207	1	96
Chr3	1600001	56357207	3	96
Chr3	1700001	56457207	2	96
Chr3	1800001	56557207	3	96
Chr3	1900001	56657207	2	96
Chr3	2000001	56757207	5	96
Chr3	2100001	56857207	3	96
Chr3	2200001	56957207	5	96
Chr3	2300001	57057207	5	96
Chr3	2400001	57157207	4	96
Chr3	2500001	57257207	3	96
Chr3	2600001	57357207	5	96
Chr3	2700001	57457207	4	96
Chr3	2800001	57557207	2	96
Chr3	2900001	57657207	5	96
Chr3	3000001	57757207	2	96
Chr3	3100001	57857207	2	96
Chr3	3200001	57957207	3	96
Chr3	3300001	58057207	3	96
Chr3	3400001	58157207	4	96
Chr3	3500001	58257207	2	96
Chr3	3600001	58357207	5	96
Chr3	3700001	58457207	2	96
Chr3	3800001	58557207	2	96
Chr3	3900001	58657207	2	96
Chr3	4000001	58757207	2	96
Chr3	4100001	58857207	4	96
Chr3	4200001	58957207	4	96
Chr3	4300001	59057207	2	96
Chr3	4400001	59157207	3	96
Chr3	4500001	59257207	1	96
Chr3	4600001	59357207	3	96
Chr3	4700001	59457207	2	96
Chr3	4800001	59557207	5	96
Chr3	4900001	59657207	2	96
Chr3	5000001	59757207	3	96
Chr3	5100001	59857207	7	96
Chr3	5200001	59957207	2	96
Chr3	5300001	60057207	4	96
Chr3	5400001	60157207	6	96
Chr3	5500001	60257207	0	96
Chr3	5600001	60357207	1	96
Chr3	5700001	60457207	3	96
Chr3	5800001	60557207	4	96
Chr3	5900001	60657207	1	96
Chr3	6000001	60757207	3	96
Chr3	6100001	60857207	10	96
Chr3	6200001	60957207	2	96
Chr3	6300001	61057207	1	96
Chr3	6400001	61157207	4	96
Chr3	6500001	61257207	7	96
Chr3	6600001	61357207	1	96
Chr3	6700001	61457207	8	96
Chr3	6800001	61557207	3	96
Chr3	6900001	61657207	2	96
Chr3	7000001	61757207	3	96
Chr3	7100001	61857207	0	96
Chr3	7200001	61957207	2	96
Chr3	7300001	62057207	5	96
Chr3	7400001	62157207	1	96
Chr3	7500001	62257207	6	96
Chr3	7600001	62357207	3	96
Chr3	7700001	62457207	0	96
Chr3	7800001	62557207	3	96
Chr3	7900001	62657207	5	96
Chr3	8000001	62757207	3	96
Chr3	8100001	62857207	1	96
Chr3	8200001	62957207	2	96
Chr3	8300001	63057207	0	96
Chr3	8400001	63157207	2	96
Chr3	8500001	63257207	5	96
Chr3	8600001	63357207	4	96
Chr3	8700001	63457207	1	96
Chr3	8800001	63557207	1	96
Chr3	8900001	63657207	3	96
Chr3	9000001	63757207	0	96
Chr3	9100001	63857207	4	96
Chr3	9200001	63957207	2	96
Chr3	9300001	64057207	1	96
Chr3	9400001	64157207	2	96
Chr3	9500001	64257207	1	96
Chr3	9600001	64357207	0	96
Chr3	9700001	64457207	3	96
Chr3	9800001	64557207	3	96
Chr3	9900001	64657207	3	96
Chr3	10000001	64757207	2	96
Chr3	10100001	64857207	0	96
Chr3	10200001	64957207	4	96
Chr3	10300001	65057207	3	96
Chr3	10400001	65157207	2	96
Chr3	10500001	65257207	0	96
Chr3	10600001	65357207	3	96
Chr3	10700001	65457207	2	96
Chr3	10800001	65557207	1	96
Chr3	10900001	65657207	0	96
Chr3	11000001	65757207	0	96
Chr3	11100001	65857207	0	96
Chr3	11200001	65957207	1	96
Chr3	11300001	66057207	0	96
Chr3	11400001	66157207	1	96
Chr3	11500001	66257207	1	96
Chr3	11600001	66357207	1	96
Chr3	11700001	66457207	3	96
Chr3	11800001	66557207	1	96
Chr3	11900001	66657207	0	96
Chr3	12000001	66757207	0	96
Chr3	12100001	66857207	0	96
Chr3	12200001	66957207	0	96
Chr3	12300001	67057207	0	96
Chr3	12400001	67157207	1	96
Chr3	12500001	67257207	0	96
Chr3	12600001	67357207	0	96
Chr3	12700001	67457207	0	96
Chr3	12800001	67557207	0	96
Chr3	12900001	67657207	0	96
Chr3	13000001	67757207	0	96
Chr3	13100001	67857207	0	96
Chr3	13200001	67957207	0	96
Chr3	13300001	68057207	0	96
Chr3	13400001	68157207	0	96
Chr3	13500001	68257207	0	96
Chr3	13600001	68357207	0	96
Chr3	13700001	68457207	0	96
Chr3	13800001	68557207	0	96
Chr3	13900001	68657207	0	96
Chr3	14000001	68757207	0	96
Chr3	14100001	68857207	0	96
Chr3	14200001	68957207	0	96
Chr3	14300001	69057207	0	96
Chr3	14400001	69157207	0	96
Chr3	14500001	69257207	0	96
Chr3	14600001	69357207	0	96
Chr3	14700001	69457207	0	96
Chr3	14800001	69557207	0	96
Chr3	14900001	69657207	0	96
Chr3	15000001	69757207	0	96
Chr3	15100001	69857207	0	96
Chr3	15200001	69957207	0	96
Chr3	15300001	70057207	0	96
Chr3	15400001	70157207	0	96
Chr3	15500001	70257207	0	96
Chr3	15600001	70357207	0	96
Chr3	15700001	70457207	0	96
Chr3	15800001	70557207	0	96
Chr3	15900001	70657207	0	96
Chr3	16000001	70757207	0	96
Chr3	16100001	70857207	0	96
Chr3	16200001	70957207	0	96
Chr3	16300001	71057207	0	96
Chr3	16400001	71157207	0	96
Chr3	16500001	71257207	0	96
Chr3	16600001	71357207	0	96
Chr3	16700001	71457207	0	96
Chr3	16800001	71557207	0	96
Chr3	16900001	71657207	0	96
Chr3	17000001	71757207	0	96
Chr3	17100001	71857207	0	96
Chr3	17200001	71957207	0	96
Chr3	17300001	72057207	0	96
Chr3	17400001	72157207	1	96
Chr3	17500001	72257207	0	96
Chr3	17600001	72357207	1	96
Chr3	17700001	72457207	0	96
Chr3	17800001	72557207	1	96
Chr3	17900001	72657207	0	96
Chr3	18000001	72757207	0	96
Chr3	18100001	72857207	2	96
Chr3	18200001	72957207	1	96
Chr3	18300001	73057207	0	96
Chr3	18400001	73157207	1	96
Chr3	18500001	73257207	1	96
Chr3	18600001	73357207	1	96
Chr3	18700001	73457207	1	96
Chr3	18800001	73557207	1	96
Chr3	18900001	73657207	1	96
Chr3	19000001	73757207	1	96
Chr3	19100001	73857207	2	96
Chr3	19200001	73957207	0	96
Chr3	19300001	74057207	0	96
Chr3	19400001	74157207	1	96
Chr3	19500001	74257207	3	96
Chr3	19600001	74357207	1	96
Chr3	19700001	74457207	2	96
Chr3	19800001	74557207	8	96
Chr3	19900001	74657207	1	96
Chr3	20000001	74757207	1	96
Chr3	20100001	74857207	3	96
Chr3	20200001	74957207	5	96
Chr3	20300001	75057207	3	96
Chr3	20400001	75157207	4	96
Chr3	20500001	75257207	0	96
Chr3	20600001	75357207	2	96
Chr3	20700001	75457207	5	96
Chr3	20800001	75557207	3	96
Chr3	20900001	75657207	2	96
Chr3	21000001	75757207	9	96
Chr3	21100001	75857207	2	96
Chr3	21200001	75957207	4	96
Chr3	21300001	76057207	2	96
Chr3	21400001	76157207	3	96
Chr3	21500001	76257207	5	96
Chr3	21600001	76357207	1	96
Chr3	21700001	76457207	1	96
Chr3	21800001	76557207	4	96
Chr3	21900001	76657207	5	96
Chr3	22000001	76757207	5	96
Chr3	22100001	76857207	6	96
Chr3	22200001	76957207	6	96
Chr3	22300001	77057207	4	96
Chr3	22400001	77157207	1	96
Chr3	22500001	77257207	3	96
Chr3	22600001	77357207	4	96
Chr3	22700001	77457207	3	96
Chr3	22800001	77557207	3	96
Chr3	22900001	77657207	3	96
Chr3	23000001	77757207	3	96
Chr3	23100001	77857207	2	96
Chr3	23200001	77957207	4	96
Chr3	23300001	78057207	1	96
Chr3	23400001	78157207	1	96
Chr3	23500001	78257207	10	96
Chr3	23600001	78357207	3	96
Chr3	23700001	78457207	3	96
Chr3	23800001	78557207	5	96
Chr3	23900001	78657207	6	96
Chr3	24000001	78757207	3	96
Chr3	24100001	78857207	2	96
Chr3	24200001	78957207	5	96
Chr3	24300001	79057207	0	96
Chr3	24400001	79157207	6	96
Chr3	24500001	79257207	7	96
Chr3	24600001	79357207	5	96
Chr3	24700001	79457207	1	96
Chr3	24800001	79557207	0	96
Chr3	24900001	79657207	0	96
Chr3	25000001	79757207	2	96
Chr3	25100001	79857207	5	96
Chr3	25200001	79957207	3	96
Chr3	25300001	80057207	3	96
Chr3	25400001	80157207	2	96
Chr3	25500001	80257207	9	96
Chr3	25600001	80357207	3	96
Chr3	25700001	80457207	3	96
Chr4	1	80500719	0	96
Chr4	100001	80600719	3	96
Chr4	200001	80700719	9	96
Chr4	300001	80800719	2	96
Chr4	400001	80900719	3	96
Chr4	500001	81000719	3	96
Chr4	600001	81100719	5	96
Chr4	700001	81200719	4	96
Chr4	800001	81300719	6	96
Chr4	900001	81400719	1	96
Chr4	1000001	81500719	5	96
Chr4	1100001	81600719	5	96
Chr4	1200001	81700719	4	96
Chr4	1300001	81800719	3	96
Chr4	1400001	81900719	4	96
Chr4	1500001	82000719	1	96
Chr4	1600001	82100719	1	96
Chr4	1700001	82200719	0	96
Chr4	1800001	82300719	0	96
Chr4	1900001	82400719	0	96
Chr4	2000001	82500719	0	96
Chr4	2100001	82600719	0	96
Chr4	2200001	82700719	0	96
Chr4	2300001	82800719	0	96
Chr4	2400001	82900719	0	96
Chr4	2500001	83000719	0	96
Chr4	2600001	83100719	0	96
Chr4	2700001	83200719	0	96
Chr4	2800001	83300719	0	96
Chr4	2900001	83400719	0	96
Chr4	3000001	83500719	0	96
Chr4	3100001	83600719	0	96
Chr4	3200001	83700719	0	96
Chr4	3300001	83800719	0	96
Chr4	3400001	83900719	0	96
Chr4	3500001	84000719	0	96
Chr4	3600001	84100719	0	96
Chr4	3700001	84200719	0	96
Chr4	3800001	84300719	0	96
Chr4	3900001	84400719	0	96
Chr4	4000001	84500719	0	96
Chr4	4100001	84600719	0	96
Chr4	4200001	84700719	0	96
Chr4	4300001	84800719	0	96
Chr4	4400001	84900719	0	96
Chr4	4500001	85000719	0	96
Chr4	4600001	85100719	0	96
Chr4	4700001	85200719	0	96
Chr4	4800001	85300719	0	96
Chr4	4900001	85400719	0	96
Chr4	5000001	85500719	0	96
Chr4	5100001	85600719	0	96
Chr4	5200001	85700719	0	96
Chr4	5300001	85800719	0	96
Chr4	5400001	85900719	0	96
Chr4	5500001	86000719	0	96
Chr4	5600001	86100719	0	96
Chr4	5700001	86200719	0	96
Chr4	5800001	86300719	0	96
Chr4	5900001	86400719	0	96
Chr4	6000001	86500719	0	96
Chr4	6100001	86600719	0	96
Chr4	6200001	86700719	0	96
Chr4	6300001	86800719	0	96
Chr4	6400001	86900719	0	96
Chr4	6500001	87000719	0	96
Chr4	6600001	87100719	0	96
Chr4	6700001	87200719	0	96
Chr4	6800001	87300719	0	96
Chr4	6900001	87400719	0	96
Chr4	7000001	87500719	0	96
Chr4	7100001	87600719	0	96
Chr4	7200001	87700719	0	96
Chr4	7300001	87800719	0	96
Chr4	7400001	87900719	0	96
Chr4	7500001	88000719	0	96
Chr4	7600001	88100719	0	96
Chr4	7700001	88200719	1	96
Chr4	7800001	88300719	0	96
Chr4	7900001	88400719	0	96
Chr4	8000001	88500719	0	96
Chr4	8100001	88600719	2	96
Chr4	8200001	88700719	1	96
Chr4	8300001	88800719	2	96
Chr4	8400001	88900719	0	96
Chr4	8500001	89000719	2	96
Chr4	8600001	89100719	3	96
Chr4	8700001	89200719	1	96
Chr4	8800001	89300719	0	96
Chr4	8900001	89400719	2	96
Chr4	9000001	89500719	0	96
Chr4	9100001	89600719	3	96
Chr4	9200001	89700719	1	96
Chr4	9300001	89800719	1	96
Chr4	9400001	89900719	7	96
Chr4	9500001	90000719	0	96
Chr4	9600001	90100719	0	96
Chr4	9700001	90200719	5	96
Chr4	9800001	90300719	2	96
Chr4	9900001	90400719	1	96
Chr4	10000001	90500719	1	96
Chr4	10100001	90600719	2	96
Chr4	10200001	90700719	3	96
Chr4	10300001	90800719	2	96
Chr4	10400001	90900719	6	96
Chr4	10500001	91000719	0	96
Chr4	10600001	91100719	0	96
Chr4	10700001	91200719	3	96
Chr4	10800001	91300719	1	96
Chr4	10900001	91400719	1	96
Chr4	11000001	91500719	2	96
Chr4	11100001	91600719	3	96
Chr4	11200001	91700719	2	96
Chr4	11300001	91800719	6	96
Chr4	11400001	91900719	4	96
Chr4	11500001	92000719	4	96
Chr4	11600001	92100719	1	96
Chr4	11700001	92200719	0	96
Chr4	11800001	92300719	3	96
Chr4	11900001	92400719	3	96
Chr4	12000001	92500719	1	96
Chr4	12100001	92600719	2	96
Chr4	12200001	92700719	2	96
Chr4	12300001	92800719	3	96
Chr4	12400001	92900719	0	96
Chr4	12500001	93000719	1	96
Chr4	12600001	93100719	0	96
Chr4	12700001	93200719	1	96
Chr4	12800001	93300719	2	96
Chr4	12900001	93400719	5	96
Chr4	13000001	93500719	1	96
Chr4	13100001	93600719	0	96
Chr4	13200001	93700719	1	96
Chr4	13300001	93800719	2	96
Chr4	13400001	93900719	2	96
Chr4	13500001	94000719	2	96
Chr4	13600001	94100719	1	96
Chr4	13700001	94200719	4	96
Chr4	13800001	94300719	4	96
Chr4	13900001	94400719	3	96
Chr4	14000001	94500719	1	96
Chr4	14100001	94600719	3	96
Chr4	14200001	94700719	2	96
Chr4	14300001	94800719	3	96
Chr4	14400001	94900719	3	96
Chr4	14500001	95000719	3	96
Chr4	14600001	95100719	2	96
Chr4	14700001	95200719	1	96
Chr4	14800001	95300719	6	96
Chr4	14900001	95400719	9	96
Chr4	15000001	95500719	3	96
Chr4	15100001	95600719	0	96
Chr4	15200001	95700719	2	96
Chr4	15300001	95800719	5	96
Chr4	15400001	95900719	8	96
Chr4	15500001	96000719	1	96
Chr4	15600001	96100719	3	96
Chr4	15700001	96200719	4	96
Chr4	15800001	96300719	4	96
Chr4	15900001	96400719	2	96
Chr4	16000001	96500719	5	96
Chr4	16100001	96600719	4	96
Chr4	16200001	96700719	2	96
Chr4	16300001	96800719	2	96
Chr4	16400001	96900719	3	96
Chr4	16500001	97000719	4	96
Chr4	16600001	97100719	5	96
Chr4	16700001	97200719	6	96
Chr4	16800001	97300719	4	96
Chr4	16900001	97400719	5	96
Chr4	17000001	97500719	4	96
Chr4	17100001	97600719	3	96
Chr4	17200001	97700719	1	96
Chr4	17300001	97800719	7	96
Chr4	17400001	97900719	0	96
Chr4	17500001	98000719	0	96
Chr4	17600001	98100719	0	96
Chr4	17700001	98200719	1	96
Chr4	17800001	98300719	1	96
Chr4	17900001	98400719	1	96
Chr4	18000001	98500719	1	96
Chr4	18100001	98600719	1	96
Chr4	18200001	98700719	0	96
Chr4	18300001	98800719	0	96
Chr4	18400001	98900719	1	96
Chr4	18500001	99000719	0	96
Chr4	18600001	99100719	1	96
Chr4	18700001	99200719	0	96
Chr4	18800001	99300719	1	96
Chr4	18900001	99400719	2	96
Chr4	19000001	99500719	0	96
Chr4	19100001	99600719	0	96
Chr4	19200001	99700719	0	96
Chr4	19300001	99800719	0	96
Chr4	19400001	99900719	1	96
Chr4	19500001	100000719	0	96
Chr4	19600001	100100719	0	96
Chr4	19700001	100200719	0	96
Chr4	19800001	100300719	1	96
Chr4	19900001	100400719	0	96
Chr4	20000001	100500719	0	96
Chr4	20100001	100600719	2	96
Chr4	20200001	100700719	1	96
Chr4	20300001	100800719	0	96
Chr4	20400001	100900719	0	96
Chr4	20500001	101000719	0	96
Chr4	20600001	101100719	0	96
Chr4	20700001	101200719	0	96
Chr4	20800001	101300719	2	96
Chr4	20900001	101400719	6	96
Chr4	21000001	101500719	0	96
Chr4	21100001	101600719	1	96
Chr4	21200001	101700719	3	96
Chr4	21300001	101800719	4	96
Chr4	21400001	101900719	3	96
Chr4	21500001	102000719	3	96
Chr5	1	102078792	6	96
Chr5	100001	102178792	5	96
Chr5	200001	102278792	7	96
Chr5	300001	102378792	6	96
Chr5	400001	102478792	4	96
Chr5	500001	102578792	3	96
Chr5	600001	102678792	2	96
Chr5	700001	102778792	3	96
Chr5	800001	102878792	4	96
Chr5	900001	102978792	2	96
Chr5	1000001	103078792	2	96
Chr5	1100001	103178792	5	96
Chr5	1200001	103278792	2	96
Chr5	1300001	103378792	1	96
Chr5	1400001	103478792	5	96
Chr5	1500001	103578792	5	96
Chr5	1600001	103678792	1	96
Chr5	1700001	103778792	7	96
Chr5	1800001	103878792	3	96
Chr5	1900001	103978792	2	96
Chr5	2000001	104078792	5	96
Chr5	2100001	104178792	3	96
Chr5	2200001	104278792	2	96
Chr5	2300001	104378792	6	96
Chr5	2400001	104478792	4	96
Chr5	2500001	104578792	4	96
Chr5	2600001	104678792	3	96
Chr5	2700001	104778792	1	96
Chr5	2800001	104878792	3	96
Chr5	2900001	104978792	5	96
Chr5	3000001	105078792	8	96
Chr5	3100001	105178792	4	96
Chr5	3200001	105278792	6	96
Chr5	3300001	105378792	3	96
Chr5	3400001	105478792	3	96
Chr5	3500001	105578792	2	96
Chr5	3600001	105678792	3	96
Chr5	3700001	105778792	3	96
Chr5	3800001	105878792	7	96
Chr5	3900001	105978792	6	96
Chr5	4000001	106078792	1	96
Chr5	4100001	106178792	2	96
Chr5	4200001	106278792	7	96
Chr5	4300001	106378792	3	96
Chr5	4400001	106478792	1	96
Chr5	4500001	106578792	0	96
Chr5	4600001	106678792	7	96
Chr5	4700001	106778792	1	96
Chr5	4800001	106878792	4	96
Chr5	4900001	106978792	2	96
Chr5	5000001	107078792	4	96
Chr5	5100001	107178792	0	96
Chr5	5200001	107278792	4	96
Chr5	5300001	107378792	1	96
Chr5	5400001	107478792	3	96
Chr5	5500001	107578792	4	96
Chr5	5600001	107678792	3	96
Chr5	5700001	107778792	6	96
Chr5	5800001	107878792	3	96
Chr5	5900001	107978792	5	96
Chr5	6000001	108078792	3	96
Chr5	6100001	108178792	2	96
Chr5	6200001	108278792	1	96
Chr5	6300001	108378792	3	96
Chr5	6400001	108478792	4	96
Chr5	6500001	108578792	2	96
Chr5	6600001	108678792	3	96
Chr5	6700001	108778792	4	96
Chr5	6800001	108878792	6	96
Chr5	6900001	108978792	4	96
Chr5	7000001	109078792	3	96
Chr5	7100001	109178792	3	96
Chr5	7200001	109278792	1	96
Chr5	7300001	109378792	1	96
Chr5	7400001	109478792	0	96
Chr5	7500001	109578792	1	96
Chr5	7600001	109678792	1	96
Chr5	7700001	109778792	0	96
Chr5	7800001	109878792	5	96
Chr5	7900001	109978792	10	96
Chr5	8000001	110078792	4	96
Chr5	8100001	110178792	0	96
Chr5	8200001	110278792	2	96
Chr5	8300001	110378792	4	96
Chr5	8400001	110478792	0	96
Chr5	8500001	110578792	1	96
Chr5	8600001	110678792	1	96
Chr5	8700001	110778792	1	96
Chr5	8800001	110878792	1	96
Chr5	8900001	110978792	1	96
Chr5	9000001	111078792	2	96
Chr5	9100001	111178792	0	96
Chr5	9200001	111278792	2	96
Chr5	9300001	111378792	0	96
Chr5	9400001	111478792	0	96
Chr5	9500001	111578792	1	96
Chr5	9600001	111678792	0	96
Chr5	9700001	111778792	3	96
Chr5	9800001	111878792	2	96
Chr5	9900001	111978792	1	96
Chr5	10000001	112078792	0	96
Chr5	10100001	112178792	0	96
Chr5	10200001	112278792	1	96
Chr5	10300001	112378792	1	96
Chr5	10400001	112478792	0	96
Chr5	10500001	112578792	0	96
Chr5	10600001	112678792	0	96
Chr5	10700001	112778792	0	96
Chr5	10800001	112878792	0	96
Chr5	10900001	112978792	0	96
Chr5	11000001	113078792	0	96
Chr5	11100001	113178792	0	96
Chr5	11200001	113278792	0	96
Chr5	11300001	113378792	0	96
Chr5	11400001	113478792	0	96
Chr5	11500001	113578792	0	96
Chr5	11600001	113678792	0	96
Chr5	11700001	113778792	0	96
Chr5	11800001	113878792	0	96
Chr5	11900001	113978792	0	96
Chr5	12000001	114078792	0	96
Chr5	12100001	114178792	0	96
Chr5	12200001	114278792	0	96
Chr5	12300001	114378792	0	96
Chr5	12400001	114478792	0	96
Chr5	12500001	114578792	0	96
Chr5	12600001	114678792	0	96
Chr5	12700001	114778792	0	96
Chr5	12800001	114878792	0	96
Chr5	12900001	114978792	0	96
Chr5	13000001	115078792	0	96
Chr5	13100001	115178792	0	96
Chr5	13200001	115278792	0	96
Chr5	13300001	115378792	0	96
Chr5	13400001	115478792	0	96
Chr5	13500001	115578792	0	96
Chr5	13600001	115678792	0	96
Chr5	13700001	115778792	0	96
Chr5	13800001	115878792	0	96
Chr5	13900001	115978792	0	96
Chr5	14000001	116078792	0	96
Chr5	14100001	116178792	0	96
Chr5	14200001	116278792	0	96
Chr5	14300001	116378792	0	96
Chr5	14400001	116478792	0	96
Chr5	14500001	116578792	0	96
Chr5	14600001	116678792	0	96
Chr5	14700001	116778792	0	96
Chr5	14800001	116878792	0	96
Chr5	14900001	116978792	0	96
Chr5	15000001	117078792	0	96
Chr5	15100001	117178792	0	96
Chr5	15200001	117278792	0	96
Chr5	15300001	117378792	0	96
Chr5	15400001	117478792	0	96
Chr5	15500001	117578792	0	96
Chr5	15600001	117678792	0	96
Chr5	15700001	117778792	0	96
Chr5	15800001	117878792	0	96
Chr5	15900001	117978792	0	96
Chr5	16000001	118078792	0	96
Chr5	16100001	118178792	0	96
Chr5	16200001	118278792	3	96
Chr5	16300001	118378792	0	96
Chr5	16400001	118478792	5	96
Chr5	16500001	118578792	1	96
Chr5	16600001	118678792	0	96
Chr5	16700001	118778792	2	96
Chr5	16800001	118878792	0	96
Chr5	16900001	118978792	1	96
Chr5	17000001	119078792	0	96
Chr5	17100001	119178792	2	96
Chr5	17200001	119278792	0	96
Chr5	17300001	119378792	1	96
Chr5	17400001	119478792	1	96
Chr5	17500001	119578792	0	96
Chr5	17600001	119678792	1	96
Chr5	17700001	119778792	0	96
Chr5	17800001	119878792	1	96
Chr5	17900001	119978792	1	96
Chr5	18000001	120078792	1	96
Chr5	18100001	120178792	1	96
Chr5	18200001	120278792	1	96
Chr5	18300001	120378792	2	96
Chr5	18400001	120478792	0	96
Chr5	18500001	120578792	1	96
Chr5	18600001	120678792	3	96
Chr5	18700001	120778792	1	96
Chr5	18800001	120878792	0	96
Chr5	18900001	120978792	4	96
Chr5	19000001	121078792	0	96
Chr5	19100001	121178792	1	96
Chr5	19200001	121278792	5	96
Chr5	19300001	121378792	1	96
Chr5	19400001	121478792	3	96
Chr5	19500001	121578792	2	96
Chr5	19600001	121678792	5	96
Chr5	19700001	121778792	0	96
Chr5	19800001	121878792	0	96
Chr5	19900001	121978792	1	96
Chr5	20000001	122078792	1	96
Chr5	20100001	122178792	3	96
Chr5	20200001	122278792	4	96
Chr5	20300001	122378792	1	96
Chr5	20400001	122478792	1	96
Chr5	20500001	122578792	1	96
Chr5	20600001	122678792	0	96
Chr5	20700001	122778792	1	96
Chr5	20800001	122878792	0	96
Chr5	20900001	122978792	0	96
Chr5	21000001	123078792	3	96
Chr5	21100001	123178792	2	96
Chr5	21200001	123278792	4	96
Chr5	21300001	123378792	0	96
Chr5	21400001	123478792	2	96
Chr5	21500001	123578792	0	96
Chr5	21600001	123678792	4	96
Chr5	21700001	123778792	1	96
Chr5	21800001	123878792	3	96
Chr5	21900001	123978792	0	96
Chr5	22000001	124078792	1	96
Chr5	22100001	124178792	3	96
Chr5	22200001	124278792	3	96
Chr5	22300001	124378792	2	96
Chr5	22400001	124478792	3	96
Chr5	22500001	124578792	1	96
Chr5	22600001	124678792	2	96
Chr5	22700001	124778792	2	96
Chr5	22800001	124878792	1	96
Chr5	22900001	124978792	4	96
Chr5	23000001	125078792	3	96
Chr5	23100001	125178792	1	96
Chr5	23200001	125278792	3	96
Chr5	23300001	125378792	2	96
Chr5	23400001	125478792	6	96
Chr5	23500001	125578792	4	96
Chr5	23600001	125678792	1	96
Chr5	23700001	125778792	4	96
Chr5	23800001	125878792	3	96
Chr5	23900001	125978792	3	96
Chr5	24000001	126078792	2	96
Chr5	24100001	126178792	4	96
Chr5	24200001	126278792	8	96
Chr5	24300001	126378792	3	96
Chr5	24400001	126478792	1	96
Chr5	24500001	126578792	1	96
Chr5	24600001	126678792	3	96
Chr5	24700001	126778792	2	96
Chr5	24800001	126878792	2	96
Chr5	24900001	126978792	1	96
Chr5	25000001	127078792	1	96
Chr5	25100001	127178792	1	96
Chr5	25200001	127278792	8	96
Chr5	25300001	127378792	3	96
Chr5	25400001	127478792	1	96
Chr5	25500001	127578792	4	96
Chr5	25600001	127678792	3	96
Chr5	25700001	127778792	6	96
Chr5	25800001	127878792	3	96
Chr5	25900001	127978792	0	96
Chr5	26000001	128078792	2	96
Chr5	26100001	128178792	3	96
Chr5	26200001	128278792	2	96
Chr5	26300001	128378792	0	96
Chr5	26400001	128478792	1	96
Chr5	26500001	128578792	2	96
Chr5	26600001	128678792	3	96
Chr5	26700001	128778792	2	96
Chr5	26800001	128878792	2	96
Chr5	26900001	128978792	3	96
Chr5	27000001	129078792	2	96
Chr5	27100001	129178792	4	96
Chr5	27200001	129278792	6	96
Chr5	27300001	129378792	0	96
Chr5	27400001	129478792	5	96
Chr5	27500001	129578792	6	96
Chr5	27600001	129678792	3	96
Chr5	27700001	129778792	7	96
Chr5	27800001	129878792	0	96
Chr5	27900001	129978792	8	96
Chr5	28000001	130078792	3	96
Chr5	28100001	130178792	3	96
Chr5	28200001	130278792	6	96
Chr5	28300001	130378792	3	96
Chr5	28400001	130478792	5	96
Chr5	28500001	130578792	2	96
Chr5	28600001	130678792	7	96
Chr5	28700001	130778792	7	96
Chr5	28800001	130878792	2	96
Chr5	28900001	130978792	1	96
Chr5	29000001	131078792	2	96
Chr5	29100001	131178792	3	96
Chr5	29200001	131278792	3	96
Chr5	29300001	131378792	5	96
Chr5	29400001	131478792	5	96
